Asset,Value,Unit,1D %,1W %,YTD %
VIX Index,14.84000015258789,% (Vol),-3.698894876497627,-4.381445136076789,2.27429302894977
Gold,4220.2998046875,$/oz,1.5227280415564204,1.5276174697754996,-2.5244893408958857
Brent Oil,104.43000030517578,$/bbl,0.14384496320947182,4.096890573020606,71.90123507024819
Bitcoin,82515.1328125,USD,1.0269766210397435,-3.81348739295293,-7.006325403730718
Ethereum,2488.580078125,USD,0.6742746683096046,-8.20541614866559,-17.05823168585835
MSCI World,209.13999938964844,$,0.6109608420132862,0.28290401786481567,12.8832733400857
EUR/USD,1.1205737590789795,Rate,0.03922792295916189,-0.43366187211603124,-4.635809291381177
USD/JPY,158.24600219726562,Rate,0.11767976815444392,0.3246026145238723,0.9666239368786966
10Y Treasury,5.24399995803833,%,0.2485186690272423,-1.2615310468492735,25.244810395437757
