Price,Name,Region,DailyChange,WeeklyChange,MonthlyChange,YTDChange
7765.35986328125,S&P 500,Americas,-0.4666909708803235,0.552132503201963,2.287493756352177,13.22291444052237
51231.6015625,Dow Jones,Americas,0.1010758089938113,0.10676801435460792,-1.5989904272152522,5.888942031789068
27193.33984375,Nasdaq 100,Americas,-1.2540524485118887,0.009122436020847502,4.262062128791255,17.032931054584054
2794.128173828125,Russell 2000,Americas,0.033231514838760745,-1.3686233136422477,-3.349133640466595,11.398848843582554
35145.37890625,S&P/TSX Composite,Americas,0.2953049730868962,-1.0064595660695286,-1.016500922536523,10.230961803509997
206220.0,Bovespa,Americas,0.9388062769821071,7.341956640553837,9.534761431781114,28.454768000299
2832472.0,Merval,Americas,0.29563159961516483,2.3416506995251885,-10.303839445293828,-9.398354344379856
6126.72998046875,Euro Stoxx 50,Europe,-0.866626942347748,-1.791616887573133,-2.2689569339187754,3.4275939671194022
7729.68994140625,CAC 40,Europe,-0.5086748811005348,-2.1210076146424006,-4.768772704817703,-5.680391615958014
24806.970703125,DAX,Europe,-1.1846096824567942,-1.6813648528831826,-2.185152009921676,1.0906196380142896
10441.599609375,FTSE 100,Europe,-0.1615947853420674,-0.19499513118906853,-1.5769851265437729,4.929103508700661
49298.0,FTSE MIB,Europe,-1.348755302969662,-2.347324842026033,-4.8429748875634555,8.648124476572484
18928.900390625,IBEX 35,Europe,-0.989118157626323,-0.8194808791206043,-3.7177405750829173,8.212137659333973
1849.989990234375,AEX,Europe,-0.40055685874674785,-1.3012310515957748,-1.9452030970452228,6.223588434076044
69042.109375,Nikkei 225,Asia,-1.4187070413073877,1.0725431403570074,3.979325064300321,33.201579568077854
23785.7890625,Hang Seng,Asia,-1.4285279521767058,-0.7779816083218427,-5.891885960506249,-9.691836968811296
6625.93017578125,KOSPI,Asia,-2.6157017169108343,-4.954849735507172,-5.28147756903804,53.74708167414863
8660.900390625,ASX 200,Asia,-0.7653769400027821,-0.24417156798234307,-1.797174331358009,-0.7665094933383965
3811.904052734375,Shanghai Composite,Asia,-0.7883778695789712,-1.9666310453211544,-3.285187851250726,-5.257047426698048
22231.80078125,Nifty 50,Asia,-1.6424773964935913,-0.8480459733669843,-5.937351021649063,-14.972338159445918
