observation_date,IRLTLT01USM156N,IRLTLT01DEM156N,IRLTLT01FRM156N,IRLTLT01ITM156N,IRLTLT01GBM156N,IRLTLT01JPM156N,IRLTLT01ESM156N,IRLTLT01PTM156N,IRLTLT01GRM156N
1990-01-01,8.21,7.695,9.54,,10.89,6.449,14.49,,
1990-02-01,8.47,8.574999999999998,9.97,,11.33,6.778,14.62,,
1990-03-01,8.59,8.644999999999998,9.98,,12.42,6.899,14.86,,
1990-04-01,8.79,8.762499999999998,9.59,,12.74,6.906,14.79,,
1990-05-01,8.76,8.715,9.56,,12.41,6.508,14.63,,
1990-06-01,8.48,8.832499999999998,9.69,,11.8,6.421,14.49,,
1990-07-01,8.47,8.545,9.59,,11.84,6.772,14.45,,
1990-08-01,8.75,8.9975,10.06,,12.15,7.62,14.67,,
1990-09-01,8.89,9.105,10.49,,12.1,8.032,15.14,,
1990-10-01,8.72,9.0675,10.38,,11.74,7.6,14.86,,
1990-11-01,8.39,8.9325,10.21,,11.37,7.08,14.59,,
1990-12-01,8.08,8.845,9.94,,10.84,6.454,14.54,,
1991-01-01,8.09,8.9275,9.77,,10.59,6.432,14.52,,
1991-02-01,7.85,8.349999999999998,9.12,,10.13,6.309,14.13,,
1991-03-01,8.11,8.4275,9.05,13.767,10.29,6.591,13.15,,
1991-04-01,8.04,8.3575,8.9,13.433,10.19,6.64,12.53,,
1991-05-01,8.07,8.394999999999998,8.88,13.06,10.38,6.637,11.86,,
1991-06-01,8.28,8.4075,9.15,13.094,10.58,6.735,11.92,,
1991-07-01,8.27,8.6325,9.19,13.337,10.28,6.67,12.15,,
1991-08-01,7.9,8.519999999999998,9.11,13.448,10.03,6.414,12.09,,
1991-09-01,7.65,8.455,8.88,13.017,9.64,6.081,11.58,,
1991-10-01,7.53,8.3475,8.8,12.791,9.72,5.885,11.62,,
1991-11-01,7.42,8.314999999999998,8.81,12.908,9.77,5.927,11.4572,,
1991-12-01,7.09,8.2125,8.8,12.952,9.66,5.719,11.3194117647059,,
1992-01-01,7.03,7.9475,8.46,12.677,9.46,5.449,10.9265555555556,,
1992-02-01,7.34,7.92,8.46,12.608,9.3,5.578,10.7922105263158,,
1992-03-01,7.54,8.0275,8.59,12.575,9.68,5.531,10.7961904761905,,
1992-04-01,7.48,8.035,8.68,12.69,9.43,5.71,10.8713,,
1992-05-01,7.39,8.074999999999998,8.59,12.579,9.02,5.739,10.8467368421053,,
1992-06-01,7.26,8.0675,8.74,13.102,9.12,5.64,11.3407727272727,,
1992-07-01,6.84,8.125,8.9,13.63,9.05,5.408,11.8274347826087,,
1992-08-01,6.59,8.04,9.05,13.679,9.35,5.112,12.2228095238095,,
1992-09-01,6.42,7.6525,8.75,14.113,9.19,5.021,12.6455454545455,,
1992-10-01,6.59,7.452499999999999,8.44,14.419,8.65,5.015,12.9994761904762,,
1992-11-01,6.87,7.36,8.15,13.466,8.19,4.868,12.54045,,
1992-12-01,6.77,7.32,8.21,13.659,8.32,4.848,12.5328,,
1993-01-01,6.6,7.1325,7.97,13.43,8.29,4.723,12.1545789473684,,
1993-02-01,6.26,6.905,7.79,13.062,7.95,4.409,11.43145,,
1993-03-01,5.98,6.6375,7.35,12.902,7.72,4.318,11.3499090909091,,
1993-04-01,5.97,6.6775,7.16,13.107,7.89,4.593,11.4856,,
1993-05-01,6.04,6.83,7.19,12.463,8.15,4.943,11.217619047619,,
1993-06-01,5.96,6.8075,7.01,11.673,7.96,4.836,10.5674090909091,,
1993-07-01,5.81,6.6075,6.75,11.097,7.62,4.517,10.219,10.67,
1993-08-01,5.68,6.3725,6.34,9.764,7.07,4.407,9.48138095238095,10.37,
1993-09-01,5.36,6.19,6.14,9.469,6.96,4.016,9.09327272727273,9.73,
1993-10-01,5.33,5.985,5.98,9.015,6.87,3.931,8.6876,9.27,
1993-11-01,5.72,5.9825,6.03,9.333,6.85,3.762,8.56105,9.39,
1993-12-01,5.77,5.83,5.8,8.933,6.4253,3.396,8.28066666666667,9.19,
1994-01-01,5.75,5.815,5.67,8.671,6.3794,3.597,7.985649999999999,8.93,
1994-02-01,5.97,6.135,5.97,8.767,6.7572,4.041,8.080999999999998,8.58,
1994-03-01,6.48,6.345,6.38,9.445,7.417,4.453,8.82740909090909,8.97,
1994-04-01,6.97,6.607,6.69,9.047,7.8401,4.093,9.0593,9.26,
1994-05-01,7.18,6.6635,6.98,9.371,8.2825,3.984,9.5482380952381,9.96,
1994-06-01,7.1,7.05238095238095,7.5,10.477,8.7105,4.278,10.2834090909091,10.84,
1994-07-01,7.3,6.89619047619048,7.39,10.768,8.533,4.531,10.58835,11.33,
1994-08-01,7.24,7.0895652173913,7.65,11.458,8.6524,4.778,10.678,11.42,
1994-09-01,7.46,7.51545454545455,8.1,11.937,8.8959,4.642,11.2215714285714,11.75,
1994-10-01,7.74,7.5415,8.19,12.071,8.7797,4.684,11.13525,11.59,
1994-11-01,7.96,7.491428571428569,8.14,12.023,8.6361,4.718,11.1849473684211,11.51,
1994-12-01,7.81,7.460952380952381,8.03,12.196,8.5814,4.561,11.3803684210526,11.6,
1995-01-01,7.78,7.595909090909092,8.22,12.371,8.7349,4.605,11.8622380952381,11.79,
1995-02-01,7.47,7.424,8.01,12.392,8.6557,4.515,11.59595,11.7,
1995-03-01,7.2,7.27739130434783,8.03,13.453,8.5938,4.113,12.2609090909091,11.98,
1995-04-01,7.06,7.088333333333329,7.81,13.405,8.4378,3.545,12.0916111111111,12.17,
1995-05-01,6.63,6.86238095238095,7.52,12.299,8.1802,3.386,11.4114,11.91,
1995-06-01,6.17,6.783,7.45,12.383,8.1097,3.024,11.5375909090909,11.89,
1995-07-01,6.28,6.86238095238095,7.45,12.212,8.2613,2.933,11.334,11.69,
1995-08-01,6.49,6.74608695652174,7.33,11.656,8.1169,3.215,10.9710454545455,11.31,
1995-09-01,6.2,6.5852380952381,7.35,11.544,7.9486,3.03,10.8025714285714,11.15,
1995-10-01,6.04,6.5652380952381,7.49,11.962,8.0967,2.925,10.8933333333333,11.22,
1995-11-01,5.93,6.34181818181818,7.04,11.628,7.7752,3.048,10.54085,10.74,
1995-12-01,5.71,6.07473684210526,6.71,11.171,7.4926,2.983,9.94972222222222,10.03,
1996-01-01,5.65,5.887272727272729,6.47,10.432,7.4408,3.12,9.464318181818177,9.44,
1996-02-01,5.81,6.20428571428571,6.6,10.519,7.7618,3.271,9.704619047619047,9.45,
1996-03-01,6.27,6.4452380952381,6.65,10.688,8.057,3.299,9.8933,9.46,
1996-04-01,6.51,6.377,6.51,10.339,8.0602,3.301,9.323,9.06,
1996-05-01,6.74,6.446,6.47,9.696,8.0871,3.388,9.17065,8.97,
1996-06-01,6.91,6.55894736842105,6.56,9.57,8.054,3.252,9.10875,8.88,
1996-07-01,6.87,6.478695652173911,6.49,9.428,7.9162,3.294,8.775869565217391,8.71,
1996-08-01,6.64,6.3022727272727295,6.41,9.484,7.8219,3.209,8.861714285714289,8.71,
1996-09-01,6.83,6.22666666666667,6.29,9.168,7.8151,2.928,8.43571428571429,8.32,
1996-10-01,6.53,6.00863636363636,5.98,8.233,7.5413,2.8,7.760130434782609,7.59,
1996-11-01,6.2,5.85952380952381,5.83,7.693,7.5952,2.759,7.3421,7.17,
1996-12-01,6.3,5.79,5.75,7.565,7.5716,2.597,6.997368421052631,6.95,
1997-01-01,6.58,5.804090909090911,5.69,7.375,7.5552,2.632,6.83133333333333,6.72,
1997-02-01,6.42,5.5445,5.45,7.363,7.1962,2.583,6.74085,6.66,
1997-03-01,6.69,5.71526315789474,5.67,7.869,7.4544,2.524,7.03173684210526,6.87,
1997-04-01,6.89,5.86681818181818,5.81,7.737,7.638,2.382,6.95290909090909,6.8,
1997-05-01,6.71,5.76111111111111,5.71,7.32,7.1681,2.736,6.61442105263158,6.49,
1997-06-01,6.49,5.7185714285714315,5.65,7.066,7.1418,2.684,6.467380952380951,6.41,9.15
1997-07-01,6.22,5.55652173913044,5.44,6.518,7.0577,2.505,6.21213636363636,6.26,9.42
1997-08-01,6.3,5.66,5.59,6.658,7.0893,2.354,6.3049,6.35,9.62
1997-09-01,6.21,5.59272727272727,5.53,6.356,6.8216,2.21,6.0867619047619,6.13,9.43
1997-10-01,6.03,5.57818181818182,5.6,6.197,6.5109,1.994,5.975217391304351,5.98,9.3
1997-11-01,5.88,5.5565,5.57,6.133,6.624,1.941,5.95715,5.96,10.76
1997-12-01,5.81,5.32736842105263,5.32,5.738,6.3739,1.939,5.643619047619048,5.67,10.48
1998-01-01,5.54,5.11238095238095,5.12,5.434,6.0978,1.948,5.39705,5.4,11.03
1998-02-01,5.57,4.989,5.04,5.375,6.0461,2.0,5.2353,5.32,11.03
1998-03-01,5.65,4.89954545454545,4.96,5.198,5.992,1.855,5.08585714285714,5.25,9.27
1998-04-01,5.64,4.902,4.97,5.146,5.8249,1.867,5.06345,5.17,8.11
1998-05-01,5.65,4.96473684210526,5.01,5.208,5.8648,1.655,5.13010526315789,5.18,7.85
1998-06-01,5.5,4.7985,4.86,5.079,5.7743,1.54,5.01922727272727,5.06,7.74
1998-07-01,5.46,4.68478260869565,4.78,4.97,5.8319,1.683,4.9394347826087,4.95,7.67
1998-08-01,5.34,4.42523809523809,4.53,4.787,5.5706,1.502,4.74095238095238,4.76,7.56
1998-09-01,4.81,4.06090909090909,4.2,4.526,5.151,1.103,4.4744545454545515,4.46,8.25
1998-10-01,4.53,4.06454545454545,4.19,4.486,5.0114,0.879,4.42795238095238,4.43,8.45
1998-11-01,4.83,4.12047619047619,4.2,4.384,4.9292,0.977,4.40568421052632,4.43,7.65
1998-12-01,4.65,3.8635,3.91,3.995,4.5175,1.488,4.07565,4.12,7.17
1999-01-01,4.72,3.702,3.78,3.922,4.2868,1.91,3.8801052631578896,3.9,6.3
1999-02-01,5.0,3.849,3.94,4.054,4.4319,2.117,4.02225,4.02,6.0
1999-03-01,5.23,4.03782608695652,4.14,4.271,4.6554,1.816,4.254391304347831,4.24,5.7
1999-04-01,5.18,3.85,3.99,4.11,4.592,1.563,4.08635,4.13,5.63
1999-05-01,5.54,4.012105263157888,4.17,4.279,4.9068,1.334,4.2742380952381,4.32,5.51
1999-06-01,5.9,4.3604761904761915,4.49,4.615,5.1716,1.632,4.600090909090911,4.66,5.75
1999-07-01,5.79,4.67636363636364,4.82,4.938,5.3721,1.703,4.9112727272727295,4.99,6.07
1999-08-01,5.94,4.879090909090912,5.02,5.134,5.4312,1.878,5.1734090909090895,5.22,6.32
1999-09-01,5.92,5.04045454545455,5.2,5.282,5.6909,1.759,5.31486363636364,5.41,6.31
1999-10-01,6.11,5.2923809523809515,5.44,5.521,5.8801,1.692,5.564,5.62,6.65
1999-11-01,6.03,5.04,5.15,5.246,5.3145,1.817,5.27990909090909,5.36,6.28
1999-12-01,6.28,5.14761904761905,5.29,5.36,5.389,1.767,5.36685714285714,5.46,6.08
2000-01-01,6.66,5.53952380952381,5.66,5.748,5.8227,1.691,5.75747619047619,5.81,6.6
2000-02-01,6.52,5.508571428571432,5.62,5.726,5.6347,1.796,5.73147619047619,5.78,6.49
2000-03-01,6.26,5.33304347826087,5.43,5.577,5.3707,1.819,5.550130434782608,5.61,6.24
2000-04-01,5.99,5.22555555555556,5.33,5.466,5.3213,1.74,5.45211111111111,5.52,6.11
2000-05-01,6.44,5.37818181818182,5.5,5.665,5.4033,1.705,5.62659090909091,5.68,6.22
2000-06-01,6.1,5.19136363636364,5.32,5.51,5.2097,1.664,5.454954545454552,5.54,6.06
2000-07-01,6.05,5.26619047619048,5.4,5.591,5.2388,1.689,5.53414285714286,5.61,6.08
2000-08-01,5.83,5.2104347826087,5.36,5.563,5.3312,1.75,5.50059090909091,5.57,6.04
2000-09-01,5.8,5.263333333333329,5.42,5.632,5.3873,1.876,5.55914285714286,5.63,6.05
2000-10-01,5.74,5.20714285714286,5.36,5.578,5.2179,1.815,5.494666666666671,5.58,5.97
2000-11-01,5.72,5.15363636363636,5.29,5.548,5.0983,1.764,5.44563636363636,5.53,5.87
2000-12-01,5.24,4.890526315789471,5.04,5.298,4.9118,1.624,5.20347368421053,5.28,5.54
2001-01-01,5.16,4.80318181818182,4.94,5.183,4.8471,1.508,5.07690909090909,5.16,5.35
2001-02-01,5.1,4.7775,4.93,5.184,4.8248,1.415,5.11675,5.14,5.35
2001-03-01,4.89,4.66772727272727,4.84,5.13,4.703,1.169,5.040909090909089,5.09,5.28
2001-04-01,5.14,4.8278947368421115,5.0,5.282,4.9468,1.315,5.17952631578947,5.27,5.39
2001-05-01,5.39,5.04681818181818,5.21,5.449,5.1153,1.25,5.36318181818182,5.42,5.54
2001-06-01,5.28,5.0,5.15,5.399,5.1951,1.152,5.32657142857143,5.38,5.48
2001-07-01,5.24,5.01590909090909,5.15,5.416,5.2037,1.305,5.34786363636364,5.39,5.52
2001-08-01,4.97,4.82391304347826,4.95,5.215,4.9854,1.343,5.15578260869565,5.19,5.33
2001-09-01,4.73,4.813,4.94,5.196,4.9876,1.346,5.13845,5.17,5.31
2001-10-01,4.57,4.5995652173913,4.72,4.964,4.8253,1.363,4.90895652173913,4.92,5.07
2001-11-01,4.65,4.447727272727271,4.57,4.8,4.6271,1.328,4.76072727272727,4.76,4.9
2001-12-01,5.09,4.73588235294118,4.87,5.047,4.8928,1.334,4.96777777777778,5.01,5.13
2002-01-01,5.04,4.8627272727272715,4.93,5.142,4.9171,1.42,5.04531818181818,5.08,5.23
2002-02-01,4.91,4.9195,4.99,5.199,4.9251,1.501,5.10645,5.15,5.31
2002-03-01,5.28,5.161,5.24,5.411,5.2202,1.421,5.3363,5.39,5.51
2002-04-01,5.21,5.1552380952381,5.24,5.404,5.2331,1.394,5.33566666666667,5.39,5.51
2002-05-01,5.16,5.16772727272727,5.26,5.406,5.2689,1.365,5.361409090909089,5.4,5.52
2002-06-01,4.93,5.0175,5.11,5.255,5.099,1.328,5.2311,5.26,5.36
2002-07-01,4.65,4.86739130434783,4.96,5.109,5.0027,1.296,5.068956521739128,5.12,5.21
2002-08-01,4.26,4.5895454545454495,4.67,4.828,4.746,1.255,4.7777272727272715,4.85,4.95
2002-09-01,3.87,4.38523809523809,4.46,4.618,4.5006,1.129,4.57595238095238,4.63,4.73
2002-10-01,3.94,4.46391304347826,4.55,4.757,4.616,1.095,4.625,4.7,4.79
2002-11-01,4.05,4.47761904761905,4.53,4.735,4.6378,0.979,4.602285714285711,4.65,4.76
2002-12-01,4.03,4.33555555555556,4.38,4.548,4.5644,0.975,4.4255263157894715,4.45,4.58
2003-01-01,4.05,4.18,4.22,4.375,4.3899,0.836,4.239409090909089,4.27,4.43
2003-02-01,3.9,3.955,4.01,4.157,4.2131,0.828,4.01075,4.04,4.24
2003-03-01,3.81,4.00047619047619,4.1,4.185,4.3243,0.724,4.0352380952381,4.08,4.26
2003-04-01,3.96,4.147,4.22,4.312,4.4663,0.663,4.1884,4.18,4.38
2003-05-01,3.57,3.8152380952381,3.89,4.035,4.2197,0.577,3.8766666666666714,3.91,4.02
2003-06-01,3.33,3.6166666666666702,3.69,3.822,4.1127,0.529,3.68814285714286,3.77,3.81
2003-07-01,3.98,3.97260869565217,4.01,4.132,4.4078,0.956,4.031217391304351,4.1,4.12
2003-08-01,4.45,4.13,4.16,4.293,4.604,1.406,4.1913809523809515,4.26,4.29
2003-09-01,4.27,4.17136363636364,4.23,4.314,4.7132,1.42,4.209,4.29,4.32
2003-10-01,4.29,4.22130434782609,4.28,4.382,4.9071,1.437,4.26865217391304,4.36,4.38
2003-11-01,4.3,4.353,4.41,4.511,5.065,1.333,4.39835,4.48,4.51
2003-12-01,4.27,4.2910526315789514,4.34,4.459,4.896,1.33,4.33931578947368,4.4,4.45
2004-01-01,4.15,4.17095238095238,4.2,4.317,4.7875,1.33,4.191571428571431,4.25,4.37
2004-02-01,4.08,4.11,4.14,4.343,4.8056,1.211,4.14815,4.19,4.35
2004-03-01,3.83,3.9134782608695695,3.98,4.169,4.7088,1.418,4.01169565217391,4.0,4.17
2004-04-01,4.35,4.097,4.18,4.351,4.957,1.52,4.19905,4.25,4.35
2004-05-01,4.72,4.253333333333329,4.34,4.493,5.1118,1.505,4.3343809523809504,4.42,4.49
2004-06-01,4.73,4.312727272727272,4.39,4.544,5.2,1.807,4.39018181818182,4.47,4.55
2004-07-01,4.5,4.23681818181818,4.27,4.44,5.1083,1.808,4.2815,4.35,4.44
2004-08-01,4.28,4.08045454545455,4.11,4.277,5.0071,1.588,4.15109090909091,4.18,4.28
2004-09-01,4.13,4.01636363636364,4.09,4.251,4.9109,1.393,4.08245454545455,4.12,4.22
2004-10-01,4.1,3.8947619047619,3.98,4.129,4.7683,1.483,3.9654285714285695,3.99,4.11
2004-11-01,4.19,3.780454545454551,3.86,4.0,4.6903,1.452,3.85086363636364,3.86,3.97
2004-12-01,4.23,3.57952380952381,3.64,3.792,4.5316,1.397,3.64334782608696,3.64,3.77
2005-01-01,4.22,3.5647619047619,3.58,3.711,4.5419,1.31,3.59095238095238,3.56,3.69
2005-02-01,4.17,3.544,3.6,3.678,4.5884,1.419,3.58065,3.55,3.69
2005-03-01,4.5,3.69619047619048,3.75,3.837,4.796,1.325,3.7334285714285698,3.7,3.92
2005-04-01,4.34,3.48238095238095,3.54,3.653,4.6218,1.257,3.5292857142857095,3.5,3.76
2005-05-01,4.14,3.30409090909091,3.38,3.553,4.4173,1.238,3.35968181818182,3.35,3.6
2005-06-01,4.0,3.12636363636364,3.2,3.405,4.2847,1.143,3.18540909090909,3.19,3.44
2005-07-01,4.18,3.20571428571429,3.27,3.438,4.3011,1.295,3.2194761904761906,3.35,3.46
2005-08-01,4.26,3.23260869565217,3.3,3.449,4.3249,1.365,3.23126086956522,3.39,3.47
2005-09-01,4.2,3.06772727272727,3.13,3.287,4.2109,1.45,3.08836363636364,3.23,3.3
2005-10-01,4.46,3.23857142857143,3.29,3.444,4.3482,1.513,3.2725238095238094,3.39,3.45
2005-11-01,4.54,3.44818181818182,3.5,3.655,4.3129,1.454,3.47659090909091,3.58,3.67
2005-12-01,4.47,3.33761904761905,3.38,3.553,4.2186,1.488,3.36857142857143,3.46,3.57
2006-01-01,4.42,3.32136363636364,3.34,3.544,4.0752,1.547,3.33059090909091,3.45,3.6
2006-02-01,4.57,3.4725,3.51,3.697,4.1543,1.598,3.4829,3.6,3.77
2006-03-01,4.72,3.637391304347831,3.69,3.923,4.3177,1.759,3.64891304347826,3.77,3.95
2006-04-01,4.99,3.895,3.95,4.222,4.5177,1.956,3.9188888888888895,4.03,4.23
2006-05-01,5.11,3.96272727272727,4.0,4.285,4.6488,1.849,3.98631818181818,4.07,4.3
2006-06-01,5.11,3.9604545454545503,4.01,4.295,4.6645,1.901,3.98818181818182,4.1,4.31
2006-07-01,5.09,4.01,4.03,4.306,4.656,1.927,4.02390476190476,4.14,4.33
2006-08-01,4.88,3.88391304347826,3.9,4.171,4.6535,1.668,3.8925652173913,4.06,4.19
2006-09-01,4.72,3.75380952380952,3.77,4.036,4.5522,1.628,3.7632857142857103,3.93,4.06
2006-10-01,4.73,3.7877272727272704,3.81,4.07,4.6155,1.718,3.8129090909090895,3.98,4.08
2006-11-01,4.6,3.71409090909091,3.74,3.97,4.5452,1.69,3.747,3.89,3.98
2006-12-01,4.56,3.7705263157894704,3.81,4.038,4.6195,1.645,3.81626315789474,3.96,4.04
2007-01-01,4.76,4.01681818181818,4.07,4.263,4.8694,1.705,4.07245454545455,4.18,4.28
2007-02-01,4.72,4.049,4.1,4.28,4.896,1.64,4.1108,4.19,4.3
2007-03-01,4.56,3.9409090909090896,4.0,4.176,4.8194,1.629,4.00868181818182,4.1,4.2
2007-04-01,4.69,4.1521052631579,4.21,4.37,5.0439,1.653,4.20873684210526,4.3,4.4
2007-05-01,4.75,4.27904761904762,4.34,4.49,5.1458,1.733,4.336285714285712,4.44,4.51
2007-06-01,5.1,4.560476190476191,4.62,4.772,5.4321,1.903,4.620285714285711,4.74,4.8
2007-07-01,5.0,4.505,4.58,4.76,5.4084,1.809,4.596227272727271,4.73,4.79
2007-08-01,4.67,4.29652173913043,4.39,4.584,5.1499,1.577,4.39813043478261,4.55,4.62
2007-09-01,4.52,4.226,4.36,4.574,4.9928,1.698,4.354,4.5,4.56
2007-10-01,4.53,4.282608695652169,4.4,4.591,4.9576,1.616,4.37834782608696,4.52,4.58
2007-11-01,4.15,4.0890909090909116,4.23,4.449,4.7263,1.497,4.24786363636364,4.36,4.43
2007-12-01,4.1,4.20588235294118,4.35,4.538,4.6937,1.526,4.34770588235294,4.47,4.53
2008-01-01,3.74,4.0277272727272715,4.15,4.399,4.4925,1.429,4.18272727272727,4.31,4.4
2008-02-01,3.74,3.95285714285714,4.08,4.354,4.6234,1.429,4.14409523809524,4.27,4.36
2008-03-01,3.51,3.7994736842105294,4.02,4.377,4.445,1.245,4.117631578947369,4.36,4.42
2008-04-01,3.68,4.04,4.27,4.532,4.6432,1.6,4.3102727272727295,4.52,4.54
2008-05-01,3.88,4.20190476190476,4.41,4.703,4.8683,1.778,4.42215,4.6,4.74
2008-06-01,4.1,4.520476190476191,4.73,5.106,5.2103,1.601,4.79161904761905,4.96,5.17
2008-07-01,4.01,4.4904347826087,4.69,5.095,5.0494,1.537,4.79786363636364,4.95,5.15
2008-08-01,3.89,4.202380952380951,4.4,4.814,4.7267,1.431,4.55911764705882,4.69,4.87
2008-09-01,3.69,4.0940909090909114,4.36,4.804,4.5701,1.481,4.56833333333333,4.66,4.88
2008-10-01,3.81,3.8834782608695697,4.18,4.78,4.5789,1.486,4.466,4.56,4.93
2008-11-01,3.53,3.5565,3.98,4.743,4.2571,1.377,4.1468,4.35,5.09
2008-12-01,2.42,3.0478947368421094,3.54,4.469,3.6238,1.214,3.85817647058824,4.01,5.08
2009-01-01,2.52,3.07095238095238,3.6,4.621,3.6699,1.272,4.14584210526316,4.32,5.6
2009-02-01,2.87,3.1275,3.68,4.536,3.6899,1.277,4.23355,4.52,5.7
2009-03-01,2.82,3.01954545454545,3.65,4.458,3.2497,1.323,4.05876190476191,4.68,5.87
2009-04-01,2.93,3.133,3.66,4.356,3.4072,1.402,4.00575,4.53,5.5
2009-05-01,3.29,3.371,3.8,4.415,3.6206,1.481,4.05425,4.29,5.22
2009-06-01,3.72,3.47363636363636,3.9,4.606,3.7221,1.363,4.23504545454546,4.5,5.33
2009-07-01,3.56,3.33782608695652,3.73,4.373,3.8238,1.386,4.01195652173913,4.25,4.89
2009-08-01,3.59,3.3052380952381,3.59,4.116,3.7142,1.314,3.7783809523809504,3.95,4.52
2009-09-01,3.4,3.26318181818182,3.59,4.088,3.6566,1.258,3.8032272727272702,3.93,4.56
2009-10-01,3.39,3.2090909090909094,3.56,4.101,3.5699,1.404,3.771090909090911,3.85,4.57
2009-11-01,3.4,3.21714285714286,3.56,4.057,3.7592,1.253,3.7895238095238097,3.8,4.84
2009-12-01,3.59,3.1385,3.48,4.007,3.8871,1.272,3.8042,3.91,5.49
2010-01-01,3.73,3.2575,3.52,4.078,4.0025,1.308,3.98865,4.17,6.02
2010-02-01,3.69,3.17,3.5,4.047,4.0624,1.295,3.9781,4.56,6.46
2010-03-01,3.73,3.10217391304348,3.44,3.945,4.0915,1.361,3.8304782608695698,4.31,6.24
2010-04-01,3.85,3.0645,3.4,3.996,4.1007,1.286,3.90142105263158,4.78,7.83
2010-05-01,3.42,2.73428571428571,3.08,3.985,3.7772,1.257,4.08414285714286,5.02,7.97
2010-06-01,3.2,2.54318181818182,3.07,4.102,3.6007,1.08,4.5555,5.55,9.1
2010-07-01,3.01,2.6159090909090894,2.99,4.026,3.5087,1.075,4.43309090909091,5.49,10.34
2010-08-01,2.7,2.35,2.68,3.802,3.233,1.023,4.03718181818182,5.31,10.7
2010-09-01,2.65,2.30045454545455,2.68,3.862,3.1271,0.898,4.09463636363636,6.08,11.34
2010-10-01,2.54,2.34571428571429,2.72,3.8,3.0685,0.903,4.03652380952381,6.05,9.57
2010-11-01,2.76,2.53272727272727,3.0,4.184,3.311,1.161,4.68590476190476,6.91,11.52
2010-12-01,3.29,2.9147619047619,3.34,4.603,3.6098,1.133,5.374380952380951,6.53,12.01
2011-01-01,3.39,3.0166666666666706,3.44,4.729,3.7273,1.213,5.37933333333333,6.95,11.73
2011-02-01,3.58,3.199,3.6,4.736,3.8799,1.241,5.2578,7.34,11.4
2011-03-01,3.41,3.21173913043478,3.61,4.875,3.7386,1.214,5.2494347826087,7.8,12.44
2011-04-01,3.46,3.34052631578947,3.69,4.841,3.7619,1.215,5.32873684210526,9.19,13.86
2011-05-01,3.17,3.06090909090909,3.49,4.756,3.5053,1.118,5.32218181818182,9.63,15.94
2011-06-01,3.0,2.89090909090909,3.43,4.816,3.4144,1.084,5.47986363636364,10.87,16.69
2011-07-01,3.0,2.74380952380952,3.4,5.463,3.3137,1.075,5.82485714285714,12.15,16.15
2011-08-01,2.3,2.21347826086957,2.98,5.271,2.7833,1.023,5.25234782608696,10.93,15.9
2011-09-01,1.98,1.82909090909091,2.64,5.746,2.504,0.975,5.20022727272727,11.34,17.78
2011-10-01,2.15,2.0023809523809506,2.99,5.972,2.529,1.038,5.25133333333333,11.72,18.04
2011-11-01,2.01,1.8740909090909097,3.41,7.057,2.2917,1.062,6.19209090909091,11.89,17.92
2011-12-01,1.98,1.92761904761905,3.16,6.812,2.1828,0.971,5.50452380952381,13.08,21.14
2012-01-01,1.97,1.8209090909090897,3.18,6.537,2.1104,0.959,5.399285714285711,13.85,25.91
2012-02-01,1.97,1.85190476190476,3.02,5.546,2.2191,0.962,5.11109523809524,12.81,29.24
2012-03-01,2.17,1.83045454545455,2.95,5.049,2.323,0.966,5.16972727272727,13.01,19.06
2012-04-01,2.05,1.62421052631579,2.99,5.676,2.2117,0.914,5.79,12.01,21.48
2012-05-01,1.8,1.33681818181818,2.75,5.783,1.9416,0.846,6.12554545454545,11.59,26.9
2012-06-01,1.62,1.30047619047619,2.57,5.904,1.7698,0.789,6.58938095238095,10.56,27.82
2012-07-01,1.53,1.24227272727273,2.28,5.996,1.6523,0.78,6.795,10.49,25.82
2012-08-01,1.68,1.34173913043478,2.12,5.822,1.6735,0.8,6.58128571428571,9.89,24.34
2012-09-01,1.72,1.4905,2.24,5.254,1.7222,0.757,5.9205,8.62,20.91
2012-10-01,1.75,1.46695652173913,2.19,4.953,1.7721,0.76,5.646590909090911,8.17,17.96
2012-11-01,1.65,1.33590909090909,2.14,4.851,1.7741,0.713,5.6900909090909115,8.32,17.2
2012-12-01,1.72,1.29941176470588,2.01,4.542,1.8467,0.781,5.33994444444444,7.25,13.33
2013-01-01,1.91,1.51227272727273,2.17,4.208,2.0795,0.775,5.05027272727273,6.24,11.1
2013-02-01,1.98,1.5435,2.24,4.493,2.1781,0.669,5.2183,6.4,10.95
2013-03-01,1.96,1.3545,2.07,4.64,1.9768,0.492,4.92135,6.1,11.38
2013-04-01,1.76,1.19619047619048,1.8,4.278,1.7824,0.589,4.59109523809524,6.15,11.58
2013-05-01,1.93,1.29409090909091,1.87,3.964,1.9462,0.879,4.24631818181818,5.46,9.07
2013-06-01,2.3,1.5305,2.21,4.379,2.3063,0.822,4.6707,6.3,10.07
2013-07-01,2.58,1.56565217391304,2.25,4.418,2.471,0.79,4.66017391304348,6.87,10.53
2013-08-01,2.74,1.735,2.36,4.419,2.7088,0.708,4.50718181818182,6.6,10.01
2013-09-01,2.81,1.88809523809524,2.49,4.541,2.8443,0.669,4.41690476190476,7.06,10.15
2013-10-01,2.62,1.76217391304348,2.39,4.248,2.6784,0.59,4.21634782608696,6.33,8.74
2013-11-01,2.72,1.67714285714286,2.27,4.095,2.7598,0.605,4.10635,5.98,8.41
2013-12-01,2.9,1.79777777777778,2.33,4.114,2.9458,0.688,4.13855,6.04,8.66
2014-01-01,2.86,1.75590909090909,2.38,3.866,2.91,0.614,3.785,5.21,8.18
2014-02-01,2.71,1.5585,2.25,3.651,2.8147,0.586,3.56125,4.93,7.7
2014-03-01,2.72,1.50857142857143,2.15,3.399,2.7837,0.605,3.312,4.43,6.9
2014-04-01,2.71,1.4565,2.03,3.228,2.7417,0.61,3.10415,3.82,6.2
2014-05-01,2.56,1.32714285714286,1.84,3.123,2.6989,0.566,2.9334285714285695,3.66,6.38
2014-06-01,2.6,1.26428571428571,1.71,2.92,2.7842,0.536,2.71247619047619,3.5,5.93
2014-07-01,2.54,1.11434782608696,1.56,2.794,2.7343,0.527,2.671,3.69,6.1
2014-08-01,2.42,0.956190476190476,1.41,2.633,2.5347,0.488,2.4194,3.47,6.09
2014-09-01,2.53,0.921363636363636,1.35,2.4,2.4919,0.497,2.19604545454545,3.18,5.89
2014-10-01,2.3,0.790909090909091,1.26,2.424,2.2469,0.465,2.11130434782609,3.21,7.26
2014-11-01,2.33,0.719,1.14,2.29,2.1593,0.42,2.07055,3.13,8.1
2014-12-01,2.21,0.588947368421053,0.92,1.99,1.9287,0.33,1.78536842105263,2.81,8.42
2015-01-01,1.88,0.39,0.67,1.702,1.589,0.275,1.54209523809524,2.49,9.48
2015-02-01,1.98,0.302,0.6,1.557,1.7365,0.33,1.5131,2.32,9.72
2015-03-01,2.04,0.227272727272727,0.51,1.294,1.7941,0.4,1.22581818181818,1.74,10.52
2015-04-01,1.94,0.122,0.44,1.357,1.755,0.34,1.31275,1.87,12.0
2015-05-01,2.2,0.55578947368421,0.89,1.812,2.0243,0.39,1.77063157894737,2.41,10.95
2015-06-01,2.36,0.792727272727273,1.2,2.199,2.1696,0.455,2.23395454545455,2.93,11.43
2015-07-01,2.32,0.71,1.11,2.042,2.1353,0.41,2.10069565217391,2.74,11.43
2015-08-01,2.17,0.608571428571429,1.01,1.839,1.9799,0.38,1.9497619047619,2.52,10.26
2015-09-01,2.17,0.654090909090909,1.0,1.92,1.8814,0.35,2.0307727272727294,2.59,8.54
2015-10-01,2.07,0.518181818181818,0.87,1.696,1.846,0.3,1.72818181818182,2.41,7.81
2015-11-01,2.26,0.516190476190476,0.88,1.57,1.9779,0.3,1.72766666666667,2.57,7.41
2015-12-01,2.24,0.5455,0.93,1.579,1.9234,0.27,1.68561904761905,2.49,8.21
2016-01-01,2.09,0.4305,0.84,1.534,1.7833,0.095,1.72795,2.71,9.08
2016-02-01,1.78,0.172857142857143,0.59,1.558,1.5032,-0.065,1.72352380952381,3.23,10.41
2016-03-01,1.89,0.171428571428571,0.51,1.375,1.5434,-0.05,1.5507619047619,2.84,9.12
2016-04-01,1.81,0.134285714285714,0.51,1.442,1.5688,-0.085,1.51352380952381,3.13,9.03
2016-05-01,1.81,0.132857142857143,0.51,1.526,1.5366,-0.12,1.5665,3.15,7.64
2016-06-01,1.64,-0.0168181818181818,0.39,1.453,1.3105,-0.23,1.47995454545455,3.2,7.92
2016-07-01,1.5,-0.154285714285714,0.17,1.227,0.9569,-0.195,1.16909523809524,3.06,7.99
2016-08-01,1.56,-0.131739130434783,0.15,1.176,0.7421,-0.07,1.01430434782609,2.91,8.19
2016-09-01,1.63,-0.0840909090909091,0.18,1.266,0.8243,-0.085,1.04090909090909,3.26,8.34
2016-10-01,1.76,0.002,0.33,1.45,1.078,-0.05,1.07261904761905,3.33,8.33
2016-11-01,2.14,0.189090909090909,0.67,1.943,1.3818,0.02,1.42381818181818,3.51,7.33
2016-12-01,2.49,0.251904761904762,0.75,1.886,1.4336,0.04,1.43666666666667,3.74,6.94
2017-01-01,2.43,0.250909090909091,0.86,1.991,1.4203,0.085,1.46631818181818,3.95,7.04
2017-02-01,2.42,0.258,1.03,2.352,1.3058,0.05,1.703,4.04,7.52
2017-03-01,2.48,0.348260869565217,1.02,2.401,1.194,0.065,1.71752173913043,3.99,7.17
2017-04-01,2.3,0.225555555555556,0.88,2.257,1.0789,0.015,1.61777777777778,3.77,6.7
2017-05-01,2.3,0.336363636363636,0.81,2.194,1.1175,0.04,1.56840909090909,3.29,5.86
2017-06-01,2.19,0.25047619047619,0.66,2.053,1.0846,0.075,1.45231818181818,2.97,5.76
2017-07-01,2.32,0.455714285714286,0.84,2.231,1.2713,0.075,1.59780952380952,3.03,5.33
2017-08-01,2.21,0.346086956521739,0.71,2.11,1.1241,0.01,1.48486363636364,2.83,5.55
2017-09-01,2.2,0.347142857142857,0.7,2.109,1.2436,0.06,1.54128571428571,2.63,5.56
2017-10-01,2.36,0.3725,0.81,2.074,1.3816,0.065,1.61468181818182,2.32,5.59
2017-11-01,2.35,0.308181818181818,0.72,1.789,1.3299,0.035,1.48877272727273,1.98,5.22
2017-12-01,2.4,0.296842105263158,0.67,1.795,1.2781,0.045,1.44163157894737,1.83,4.44
2018-01-01,2.58,0.474545454545455,0.85,1.984,1.3931,0.08,1.47386363636364,1.85,3.79
2018-02-01,2.86,0.659,0.98,2.081,1.6034,0.045,1.5178,2.03,4.14
2018-03-01,2.84,0.52952380952381,0.83,1.965,1.508,0.045,1.34961904761905,1.79,4.27
2018-04-01,2.87,0.48,0.78,1.773,1.5108,0.05,1.2183,1.66,4.04
2018-05-01,2.98,0.45,0.79,2.18,1.5016,0.03,1.38581818181818,1.84,4.29
2018-06-01,2.91,0.327142857142857,0.75,2.744,1.4229,0.03,1.37290476190476,1.87,4.39
2018-07-01,2.89,0.274545454545455,0.67,2.643,1.3739,0.06,1.31754545454545,1.76,3.88
2018-08-01,2.89,0.290869565217391,0.7,3.161,1.3991,0.11,1.37239130434783,1.82,4.18
2018-09-01,3.0,0.3705,0.77,2.959,1.5023,0.125,1.4418,1.88,4.17
2018-10-01,3.15,0.399090909090909,0.82,3.469,1.5462,0.13,1.5735652173913,1.96,4.37
2018-11-01,3.12,0.314090909090909,0.76,3.39,1.4541,0.085,1.58240909090909,1.91,4.42
2018-12-01,2.83,0.187058823529412,0.7,2.975,1.3125,-0.01,1.42621052631579,1.71,4.28
2019-01-01,2.71,0.132727272727273,0.65,2.77,1.3221,0.0,1.37877272727273,1.67,4.21
2019-02-01,2.68,0.0555,0.55,2.812,1.239,-0.015,1.28095,1.55,3.84
2019-03-01,2.57,0.010952380952381,0.44,2.69,1.19,-0.095,1.12685714285714,1.32,3.76
2019-04-01,2.53,-0.0395,0.37,2.618,1.1906,-0.045,1.0623,1.18,3.42
2019-05-01,2.4,-0.134545454545455,0.3,2.644,1.13,-0.095,0.879681818181818,1.02,3.37
2019-06-01,2.07,-0.315263157894737,0.08,2.284,0.919,-0.165,0.4994,0.59,2.67
2019-07-01,2.06,-0.388260869565217,-0.07,1.654,0.8304,-0.16,0.355130434782609,0.44,2.16
2019-08-01,1.63,-0.649090909090909,-0.34,1.404,0.5776,-0.28,0.141772727272727,0.17,1.98
2019-09-01,1.7,-0.594761904761905,-0.27,0.902,0.5981,-0.215,0.183380952380952,0.2,1.5
2019-10-01,1.71,-0.469545454545455,-0.16,1.004,0.6373,-0.15,0.202521739130435,0.19,1.34
2019-11-01,1.81,-0.352380952380952,-0.02,1.266,0.765,-0.08,0.384952380952381,0.35,1.36
2019-12-01,1.86,-0.299444444444444,0.04,1.37,0.8308,-0.025,0.4365,0.41,1.42
2020-01-01,1.76,-0.313636363636364,-0.01,1.275,0.7235,-0.065,0.418863636363636,0.37,1.34
2020-02-01,1.5,-0.466,-0.18,0.955,0.633,-0.155,0.2742,0.25,1.07
2020-03-01,0.87,-0.541363636363636,-0.05,1.551,0.4609,0.005,0.509318181818182,0.71,1.97
2020-04-01,0.66,-0.4495,0.06,1.799,0.3577,-0.04,0.8217,0.97,2.05
2020-05-01,0.67,-0.5165,-0.03,1.762,0.2743,0.0,0.747809523809524,0.81,1.93
2020-06-01,0.73,-0.434285714285714,-0.04,1.455,0.278,0.03,0.517090909090909,0.53,1.32
2020-07-01,0.62,-0.52304347826087,-0.15,1.196,0.2094,0.01,0.376608695652174,0.4,1.14
2020-08-01,0.65,-0.523333333333333,-0.17,1.032,0.2717,0.045,0.301,0.36,1.08
2020-09-01,0.68,-0.524090909090909,-0.21,0.981,0.273,0.015,0.280681818181818,0.32,1.08
2020-10-01,0.79,-0.607272727272727,-0.3,0.77,0.3058,0.04,0.170181818181818,0.18,0.9
2020-11-01,0.87,-0.614761904761905,-0.32,0.664,0.3836,0.03,0.0940952380952381,0.07,0.75
2020-12-01,0.93,-0.6185,-0.34,0.578,0.3224,0.02,0.0421818181818182,0.03,0.63
2021-01-01,1.08,-0.5835,-0.31,0.616,0.3672,0.055,0.07825,0.03,0.65
2021-02-01,1.26,-0.4455,-0.15,0.59,0.6222,0.15,0.22555,0.16,0.81
2021-03-01,1.61,-0.364782608695652,-0.07,0.704,0.8456,0.12,0.309608695652174,0.23,0.91
2021-04-01,1.64,-0.325,-0.01,0.797,0.8515,0.09,0.36725,0.35,0.88
2021-05-01,1.62,-0.2235,0.21,0.984,0.9058,0.08,0.516571428571429,0.53,0.99
2021-06-01,1.52,-0.288636363636364,0.15,0.875,0.8549,0.05,0.4455,0.43,0.81
2021-07-01,1.32,-0.451363636363636,-0.01,0.748,0.6979,0.015,0.332772727272727,0.27,0.7
2021-08-01,1.28,-0.538636363636364,-0.12,0.628,0.644,0.02,0.218227272727273,0.14,0.59
2021-09-01,1.37,-0.362727272727273,0.04,0.777,0.8023,0.065,0.330272727272727,0.26,0.8
2021-10-01,1.58,-0.204285714285714,0.2,0.955,1.083,0.095,0.471,0.39,0.96
2021-11-01,1.56,-0.313636363636364,0.1,1.01,0.9394,0.05,0.476681818181818,0.39,1.22
2021-12-01,1.47,-0.384285714285714,0.05,1.047,0.8375,0.07,0.413318181818182,0.36,1.29
2022-01-01,1.76,-0.114761904761905,0.31,1.346,1.2051,0.17,0.66452380952381,0.58,1.62
2022-02-01,1.93,0.15,0.68,1.794,1.4891,0.18,1.11215,1.06,2.46
2022-03-01,2.13,0.281739130434783,0.78,1.854,1.5457,0.21,1.22534782608696,1.16,2.61
2022-04-01,2.75,0.746315789473684,1.28,2.436,1.8362,0.215,1.68947368421053,1.76,2.89
2022-05-01,2.9,0.952727272727273,1.52,2.99,1.9069,0.235,2.05136363636364,2.14,3.54
2022-06-01,3.14,1.445,2.06,3.635,2.3824,0.225,2.6485,2.65,3.93
2022-07-01,2.9,1.08190476190476,1.71,3.359,2.1454,0.18,2.3332380952381,2.26,3.38
2022-08-01,2.9,1.03434782608696,1.69,3.297,2.3278,0.22,2.1758695652173894,2.16,3.46
2022-09-01,3.52,1.79545454545455,2.41,4.138,3.5007,0.24,2.95204545454545,2.89,4.44
2022-10-01,3.98,2.18666666666667,2.77,4.532,4.1096,0.245,3.31419047619048,3.26,4.87
2022-11-01,3.89,2.06636363636364,2.58,4.243,3.4171,0.25,3.105,3.02,4.42
2022-12-01,3.62,2.0852380952381,2.62,4.257,3.5015,0.41,3.111,3.1,4.22
2023-01-01,3.53,2.19272727272727,2.69,4.243,3.5115,0.49,3.22263636363636,3.13,4.29
2023-02-01,3.75,2.3705,2.87,4.27,3.5553,0.5,3.3891,3.27,4.26
2023-03-01,3.66,2.3834782608695706,2.92,4.24,3.5638,0.32,3.44308695652174,3.27,4.29
2023-04-01,3.46,2.35944444444444,2.9,4.234,3.6503,0.385,3.4081666666666695,3.2,4.22
2023-05-01,3.57,2.3422727272727295,2.94,4.313,3.9621,0.43,3.4137272727272694,3.16,3.98
2023-06-01,3.75,2.37636363636364,2.93,4.074,4.3659,0.395,3.40422727272727,3.09,3.71
2023-07-01,3.9,2.45666666666667,3.04,4.157,4.4372,0.595,3.49738095238095,3.23,3.85
2023-08-01,4.17,2.54565217391304,3.11,4.221,4.5298,0.64,3.58721739130435,3.31,3.88
2023-09-01,4.38,2.66142857142857,3.24,4.513,4.4199,0.765,3.72090476190476,3.45,4.08
2023-10-01,4.8,2.82318181818182,3.45,4.885,4.5695,0.95,3.9512272727272704,3.59,4.3
2023-11-01,4.5,2.60136363636364,3.19,4.428,4.2721,0.66,3.6594090909090897,3.3,3.88
2023-12-01,4.02,2.10210526315789,2.65,3.821,3.8622,0.62,3.141,2.85,3.28
2024-01-01,4.06,2.1745454545454495,2.74,3.811,3.9319,0.73,3.18595454545455,2.97,3.29
2024-02-01,4.21,2.33190476190476,2.85,3.872,4.123,0.71,3.2725238095238094,3.06,3.45
2024-03-01,4.21,2.3495,2.82,3.696,4.033,0.725,3.1896,3.02,3.37
2024-04-01,4.54,2.4457142857142906,2.97,3.856,4.2172,0.87,3.2815238095238106,3.13,3.49
2024-05-01,4.48,2.51954545454545,3.03,3.844,4.2229,1.07,3.29891304347826,3.16,3.55
2024-06-01,4.31,2.4845,3.15,3.942,4.1644,1.05,3.35605,3.19,3.65
2024-07-01,4.25,2.45826086956522,3.14,3.83,4.1386,1.045,3.2803913043478294,3.1,3.5
2024-08-01,3.87,2.2077272727272694,2.94,3.682,3.9444,0.89,3.07104545454545,2.88,3.31
2024-09-01,3.72,2.16714285714286,2.9,3.565,3.9053,0.855,2.99566666666667,2.78,3.19
2024-10-01,4.1,2.2295652173913,2.99,3.501,4.1993,0.935,2.9676086956521694,2.73,3.16
2024-11-01,4.36,2.30571428571429,3.09,3.569,4.4164,1.05,3.05561904761905,2.79,3.19
2024-12-01,4.39,2.17888888888889,3.01,3.321,4.4345,1.09,2.89065,2.68,3.05
2025-01-01,4.63,2.48363636363636,3.32,3.676,4.6627,1.245,3.17318181818182,2.96,3.35
2025-02-01,4.45,2.4055,3.15,3.575,4.5063,1.37,3.09985,2.95,3.29
2025-03-01,4.28,2.74142857142857,3.43,3.887,4.6448,1.485,3.38919047619048,3.29,3.6
2025-04-01,4.28,2.5105,3.26,3.712,4.5762,1.31,3.2291,3.11,3.44
2025-05-01,4.42,2.56285714285714,3.26,3.629,4.6004,1.5,3.2089090909090894,3.08,3.37
2025-06-01,4.38,2.51904761904762,3.24,3.501,4.5248,1.42,3.1674285714285695,3.02,3.29
2025-07-01,4.39,2.63130434782609,3.36,3.537,4.5924,1.545,3.24308695652174,3.1,3.36
2025-08-01,4.26,2.67333333333333,3.42,3.538,4.6369,1.6,3.25661904761905,3.12,3.37
2025-09-01,4.12,2.69318181818182,3.51,3.559,4.6885,1.645,3.2662272727272694,3.13,3.39
2025-10-01,4.06,2.61782608695652,3.44,3.442,4.5721,1.655,3.1513913043478294,3.02,3.3
2025-11-01,4.09,2.6575,3.44,3.459,4.4985,1.805,3.1788,3.02,3.3
2025-12-01,4.14,2.8142105263157906,3.56,3.552,4.4826,2.06,3.27190476190476,3.14,3.44
2026-01-01,4.21,2.80666666666667,3.53,3.492,4.451,2.24,3.2692380952381,3.19,3.44
