csv_name,last_update
FX_historical.csv,2026-10-07 03:28:47.758613
stocks_history.csv,2026-01-06 01:09:29.933853
indices_historical.csv,2026-10-07 03:30:33.790905
us_yields.csv,2026-10-07 03:30:36.600232
oecd_yields.csv,2026-10-07 03:30:39.154631
FX_rate_matrix.csv,2026-10-07 03:30:40.006229
stocks_snapshot.csv,2026-10-07 03:32:18.638539
indices_snapshot.csv,2026-10-07 03:32:22.862358
monetary_policy_check,2026-10-04 03:34:47.919169
hist_metals.csv,2026-10-07 03:32:35.726882
hist_energy.csv,2026-10-07 03:32:35.727009
hist_agriculture.csv,2026-10-07 03:32:35.727095
futures_curves_check,2026-10-07 03:33:20.928201
cross_asset_snapshot.csv,2026-10-07 03:32:25.571225
