Price,DailyChange,WeeklyChange,MonthlyChange,YTDChange,Name
333.6300048828125,0.2222927098478822,0.18317695311544924,5.505661752862445,23.441251016643537,Apple_US
529.2999877929688,0.7844920169552072,3.197497094612456,7.1565896775646065,12.626964336736023,Microsoft_US
256.2900085449219,1.9451132725369025,2.8657494775633063,-0.2646194779744815,13.152321653387133,Amazon_US
380.67999267578125,0.514873823802553,7.291224964120491,3.400692331903188,-13.100649140301158,Tesla_US
738.8800048828125,-0.4070655656919775,1.889187835489059,20.535818299309085,13.89465040492226,Meta_US
239.24000549316406,0.1423238197431731,4.755232672809551,6.103625481545327,26.97898479062417,Nvidia_US
347.67999267578125,0.34923411862932685,1.046270124391424,2.754464986317773,10.536680448849967,Alphabet_US
254.77999877929688,0.7314301020389768,-3.7621786743515795,-5.328476738284094,24.850720974120932,Johnson&Johnson_US
331.2799987792969,0.16629509711820756,0.6355996233181616,-5.8208471191826145,3.7422836335334386,JPMorganChase_US
370.6400146484375,0.25155479020164684,3.1475324906949487,0.5425347006638326,7.615353854842866,Visa_US
107.19999694824219,2.027217340444043,3.1562729379233545,1.0843883671772359,-4.325420484434462,Walmart_US
148.41000366210938,1.692477168276607,2.154463731492373,1.9439495778677651,6.998618925234723,Procter&Gamble_US
376.32000732421875,-0.5969621554771432,2.5171682167243636,-5.539061256400357,14.078564661999149,UnitedHealth_US
286.69000244140625,1.970481474369734,0.7733179663786283,-8.610139851636134,-15.29865061310317,HomeDepot_US
566.5800170898438,0.3524664162876556,2.7399581463072975,-0.7549611042414028,1.1061409786795817,Mastercard_US
54.09000015258789,0.16666694923683778,-0.6246557976880229,-13.303412915945078,-1.7741227997255637,BankofAmerica_US
104.02999877929688,0.4053645077416901,-0.8293639026948907,-0.9803910177348163,-6.2788358973375535,Disney_US
54.61000061035156,0.3675808922998236,3.9596456870173435,2.6889813782806637,-5.243118060043672,PayPal_US
238.1199951171875,-0.28058050495545217,-0.7585260088772361,-7.439949437098637,-28.55685453397102,Adobe_US
68.69000244140625,1.7629665798611027,-1.2791022797174145,-10.52493754718682,-24.508183257406923,Netflix_US
86.16999816894531,-0.3930227244125395,0.1045496468125684,-1.896572196063473,27.08873795062201,CocaCola_US
125.70999908447266,0.04774974760457518,-0.7970345063928685,-9.201876594141222,-8.924478181808338,PepsiCo_US
112.5,-3.1758347223265537,-6.429346370377365,7.686415894963683,185.67800139316847,Intel_US
45.97999954223633,0.2835355996546163,0.23980948967299298,-8.787939532999633,19.1775221271838,Verizon_US
24.43000030517578,0.7838305934474654,0.12295363571532825,-4.570312729920256,3.0517698456438813,AT&T_US
27.5,0.3283478770117032,-3.576439135315679,-1.0435441020993586,14.850705601309077,Pfizer_US
141.94000244140625,1.7199435794382767,-2.3191763635042384,-3.827402994154183,36.09179917938321,Merck_US
207.5800018310547,0.5376086616888376,1.6502595398811382,-1.0581511860871862,36.86758307026696,Chevron_US
164.47999572753906,0.2926803216701579,1.0629774055539665,2.377687027484243,36.79539690466205,ExxonMobil_US
266.69000244140625,0.34993702649297465,1.949618171532852,7.199133270355107,19.05081917700988,AbbVie_US
117.94000244140625,4.538204893132014,10.003920214909478,8.45215952549594,57.13319772195655,Cisco_US
34.61000061035156,1.9140210347535103,-2.2316409081220456,-9.160099746828243,-43.86162870257975,Nike_US
232.4499969482422,-0.2531738563716024,0.653847099191518,-9.131777816854447,-21.84706820881013,McDonalds_US
81.51000213623047,0.08595247142162421,1.8238588742197415,-7.332875188013488,-12.970731985870598,WellsFargo_US
128.52000427246094,-0.023336272722451756,-0.7414206725015693,-6.011409163731574,9.908137236428583,Citigroup_US
189.82000732421875,-1.5047705884784102,2.02633926934801,-9.92264453436218,-16.661542888169766,Boeing_US
163.63999938964844,0.2757503165083719,-0.3106881058780542,-2.316144211948512,2.5507663687993176,3M_US
897.1799926757812,0.4163555852126244,-0.3531912487802935,-13.443897685783512,-0.4404168344686932,GoldmanSachs_US
191.02000427246094,0.43640665671182965,1.5631658936536619,-11.662967341859598,6.744495430992847,MorganStanley_US
304.54998779296875,0.17433024092143867,0.14797161473911746,-6.608407821895634,-17.809385523999964,AmericanExpress_US
221.2899932861328,-0.13088209338629753,0.6183788731155326,-4.653368616557918,-22.539320914380845,IBM_US
863.4400024414062,1.8039459910768052,6.493669857903317,4.980063095190745,45.170782896599505,Caterpillar_US
212.8699951171875,-0.5930719510977678,0.9149486363153603,2.223391040092637,5.021282195338195,Honeywell_US
510.1199951171875,0.6888637073878545,0.1708385109842947,-4.854989855744618,4.483898442493706,LockheedMartin_US
309.3900146484375,0.9956317643820656,-0.7779727140922343,-7.479483090792394,-3.1336986472568884,GeneralElectric_US
12.279999732971191,1.0699598232303709,1.824206514923854,-12.285716193062923,-4.755665780264929,Ford_US
82.01000213623047,2.2186198489583475,6.506496280818785,-4.4061064680705915,1.9421347464272154,GeneralMotors_US
96.11000061035156,1.7790959438170217,2.2882093942401927,-5.783748066194216,16.536468150354654,Starbucks_US
935.6799926757812,1.316698380908221,2.78357153072164,2.8016436534749722,9.983578705737429,Costco_US
86.43000030517578,-0.6665921351738269,0.8635754961910935,-10.034349349714622,10.383363716183226,CVSHealth_US
154.3300018310547,0.8758718150059241,-1.5061590232817057,-5.150270135228441,57.77579820389158,Target_US
137.02999877929688,1.9492560418150617,3.5673806271615094,6.290723491729877,-10.356159756211502,TJXCompanies_US
83.66000366210938,0.6981244803462294,0.23964124111035545,5.952386818810096,22.093166836706235,DeltaAirLines_US
13.0,1.3250200881126606,-2.767388846118979,0.6971351948228843,-16.02066935124763,AmericanAirlines_US
69.08000183105469,-0.5757074072435087,0.8319948577592884,-5.538076814537263,-16.630459422873045,Uber_US
15.760000228881836,0.19072274328395533,4.996668811216076,-2.9556622475449656,-20.363822638752616,Lyft_US
94.19999694824219,0.6195195307034274,3.7787820117076043,-2.3226933185998333,13.05808604568901,ZoomVideo_US
224.99000549316406,-2.0888584939344312,-1.995034928315531,-9.52720440289082,-10.680274169268934,Salesforce_US
107.05999755859375,-0.07467036728620036,0.9523757451878723,2.361603697473602,24.10201034112078,eBay_US
181.02999877929688,0.1327537485906083,-1.6355110935894257,3.986445279679618,6.290015039558239,Qualcomm_US
297.2300109863281,0.7901041499043249,6.119466911542393,14.796074297781626,70.25111499891055,TexasInstruments_US
375.80999755859375,3.668860840992405,7.010448744563891,2.1527957394022135,8.705262898648236,Broadcom_US
649.4199829101562,2.7969897760437235,6.156004404236781,28.409853966500776,190.60723111053147,AMD_US
144.77000427246094,1.6072491673153833,5.440641700413629,-10.921732422700748,-25.314812376003847,Oracle_US
192.07000732421875,1.4097220241694686,2.683776632215218,12.783325826391545,14.422737177313106,Palantir_US
335.95001220703125,-0.8967751600104545,-1.063136228506889,0.1341318053744489,55.02284241567232,Snowflake_US
278.8599853515625,2.27013298822778,5.329550652148263,32.77782100689552,145.91912659897196,CrowdStrike_US
68.22000122070312,-2.5846031559961236,1.5934470149071345,4.824829903661909,5.196611913455729,DocuSign_US
20.030000686645508,-0.14954526468361484,6.034946182273471,-0.5461703393072947,-24.585839271835177,Pinterest_US
5.78000020980835,3.0303043181471034,7.03703903203472,6.445679420524275,-28.905287472977758,Snap_US
152.05999755859375,-0.87999874277368,-0.14447151462220198,-2.111496624579756,39.86386667703381,Roku_US
187.4600067138672,-7.750602568591525,-2.6535807321999783,33.58512382801291,507.45302335148466,Moderna_US
280.4100036621094,-6.812668156762037,-4.120217515228786,24.135643197916345,102.66695752032989,Twilio_US
186.5500030517578,-1.275404094242405,-2.0529263489859395,0.14494539093317105,-9.349332262051968,Workday_US
218.6699981689453,0.17408259402638127,4.571755310932035,30.475250798788657,161.44189354933047,Okta_US
212.25,5.178392859370762,6.433658584323787,31.067059898802405,-3.7720483510657266,Zscaler_US
278.239990234375,0.6602324884817268,1.6030615420910221,32.350281067872835,107.99878997361736,Datadog_US
33.41999816894531,-0.4764849713659203,1.580536835712243,-14.241110575333327,-47.44565743587824,FidelityNationalInformationServices_US
361.2799987792969,1.5145083899540834,1.5773006269201195,9.881684172265825,15.959789113138157,MarriottInternational_US
322.6099853515625,2.05301478382256,1.4114140271883846,5.957888809449607,10.26671185279502,HiltonWorldwideHoldings_US
157.6300048828125,-0.4421126382535556,-3.241052520168186,-12.3623466650288,-25.435227156993733,BookingHoldings_US
260.07000732421875,-0.038438750952907164,-1.2492323095142588,-5.274077986726766,-7.554918859179526,ExpediaGroup_US
26.579999923706055,3.990612202957111,8.312954083420298,14.568961420751059,-12.65481428553521,Carnival_US
288.7799987792969,4.999454627141953,8.621084288944747,9.828380805057058,3.6354888742424762,RoyalCaribbeanCruises_US
15.510000228881836,4.303970062194051,5.798092703389579,0.779726334516595,-31.913960661228693,NorwegianCruiseLineHoldings_US
1079.4200439453125,1.2161932924452001,1.996617572015591,-1.4561245280567126,1.1139954910060146,BlackRock_US
96.80000305175781,-1.184152759857171,-0.9617299289507719,-9.422662520841262,-3.751455171169704,CharlesSchwab_US
74.4800033569336,0.0,-2.0257739465097346,-7.351655775078725,1.4144480514252544,Nestle_CH
116.4800033569336,0.0,-2.900963449564997,4.186046670328958,10.621395602131933,Novartis_CH
40.029998779296875,0.0,-0.6453267071787727,-11.044447157118054,8.368710537566892,UBSGroup_CH
574.0,0.0,1.2345679012345734,-2.8435998883019398,1.0468806056699531,ZurichInsuranceGroup_CH
141.39999389648438,0.0,2.0938584090139933,4.315743794187021,15.58597505097461,SwissRe_CH
82.58000183105469,1.0771173998574302,3.9788513409271253,1.975794526790553,36.84202874245879,ABB_CH
574.7999877929688,0.0,-0.06954527217890583,3.3812927685195504,8.444310715020208,LonzaGroup_CH
627.0,-2.1840873634945357,-1.104100946372244,-3.4642032332563466,12.49874746083619,Swisscom_CH
3381.0,0.0,-0.8504398826979509,4.448563484708057,11.861304213986102,Givaudan_CH
175.0,0.0,-4.891304347826086,-9.770558002792452,9.952531392239617,Sika_CH
534.0,0.0,-2.1260953271634464,-5.98591549295775,-11.198138430954529,Geberit_CH
174.64999389648438,0.0,-2.484652180558411,-2.430512015828168,3.6058736530779845,Richemont_CH
10.640000343322754,0.0,-0.5607426823543427,0.5671117206934806,57.79659676914981,Clariant_CH
182.8000030517578,0.0,-2.7400872466641135,0.5224068827918593,8.701851037578056,SwatchGroup_CH
84.5,0.0,0.09476644490631347,8.140241172731045,8.085817663423978,Logitech_CH
898.4000244140625,0.0,0.5371585675097545,-2.7705601283482095,0.5474463025549658,SwissLife_CH
605.2000122070312,0.0,0.49817335423245623,-9.8331345053138,-38.07780731073777,PartnersGroup_CH
53.08000183105469,0.0,-1.6672799533416827,-4.908631097723903,-16.056266042668156,Alcon_CH
67.44999694824219,0.0,2.4297623556512216,-4.529376515957417,-15.585231283018064,Temenos_CH
24.760000228881836,0.0,14.842304462921675,31.28313588331477,187.40569804644545,AMS_CH
251.60000610351562,0.0,0.0,8.823533488125568,23.748724808279388,Sonova_CH
73.68000030517578,0.0,-0.807752401698103,-2.6169749684074928,16.88951687955558,JuliusBaerGroup_CH
260.20001220703125,0.0,-0.15348959597701883,2.6025260034187925,-11.435156701767891,Schindler_CH
91.5,0.0,-0.043697744294601826,-2.222699070694434,-1.8894546949065005,Straumann_CH
139.8000030517578,0.0,0.4310388769180218,2.643176346680587,26.08188391546975,SFSGroup_CH
220.0,0.0,-0.13617932256102527,3.724655195261417,30.873156085667297,Kuehne+Nagel_CH
82.30000305175781,0.0,0.060793983900087056,-1.1411374753659942,-13.924775644166242,Galenco_CH
152.60000610351562,0.0,-0.26143391927083703,0.39474085757607025,1.6561625222876186,VATGroup_CH
327.5,0.0,0.6144393241167334,-1.2066365007541435,-8.01806053422881,BucherIndustries_CH
326.0,0.0,-0.7610350076103556,-6.456241032998566,-9.739485460125186,MobimoHoldings_CH
275.0,0.0,-0.1814882032667886,0.917431192660545,16.485439158520943,Siemens_DE
68.54000091552734,0.0,-2.724947763118013,-17.521056348909568,-31.317227874042985,Volkswagen_DE
419.20001220703125,0.0,0.6966189044196547,-5.882348910750612,13.100450200250924,Allianz_DE
50.2400016784668,0.0,0.11957228562398114,-6.390901076019018,17.00213649188371,BASF_DE
31.280000686645508,0.0,-1.8358672169296208,-12.503494582809772,-3.392117844713227,DeutscheBank_DE
43.959999084472656,0.0,-8.321171251264436,-11.030157417061604,16.015677421478735,Bayer_DE
142.3000030517578,0.0,-2.0646936937305904,-3.7538064407464655,-13.398737481467005,Adidas_DE
185.0399932861328,0.0,-0.3339493502892199,1.8381928420406313,-6.81825743536807,SAP_DE
54.220001220703125,0.0,-1.988428199908343,-14.882259699676137,-40.462300918585,BMW_DE
431.0,0.0,2.375296912114022,6.5249613193851586,19.758891560560166,Linde_DE
71.66000366210938,0.0,-1.8624938968497817,-5.636026654857218,6.307313114018043,Henkel_DE
63.470001220703125,0.0,6.6722709591649165,8.588537882358139,67.14593821008579,Infineon_DE
69.0,0.0,2.800949309427292,-3.0626584656213707,5.0003761636692845,Continental_DE
136.0500030517578,0.0,-1.484433715535971,1.0772636571257266,14.409270307315602,Merck_DE
26.829999923706055,0.0,2.7575614573867258,-5.026548942633435,-0.4314321514527819,DeutscheTelekom_DE
43.8650016784668,0.0,-1.9776498805211262,-1.835066956749265,-5.540049470330988,Fresenius_DE
16.899999618530273,0.0,-0.5882375380572125,-9.890693816274776,-25.585867031808608,Vonovia_DE
16.96500015258789,0.0,0.6227730630796069,-3.881016888086619,6.223586804864301,E.ON_DE
58.599998474121094,0.0,-1.1804397503296649,-1.1137358523553798,27.386399369504556,RWE_DE
75.73999786376953,0.0,-1.5596627756160775,-0.9157568750384315,-17.28494562285795,Beiersdorf_DE
370.29998779296875,0.0,-1.1478959531459831,4.309855716329225,0.9019816353917909,MTU_AeroEngines_DE
24.459999084472656,0.0,-4.490439275562041,-16.66099227748017,-36.33498223854943,PorscheAutomobilHolding_DE
22.219999313354492,0.0,-2.114543759701637,-4.92084503458079,-9.894568325853736,Zalando_DE
2.3310000896453857,0.0,-0.808502798222599,-14.98905900485723,-60.651583833513314,HelloFresh_DE
37.45000076293945,0.0,-1.369503400174088,-3.974357018103969,-13.11681063870912,SiemensHealthineers_DE
7.5,0.0,-2.2164286128154465,-3.920064355299502,-9.086484667465323,DeutscheLufthansa_DE
90.77999877929688,0.0,-1.0680071208789221,0.3093909163501385,35.02061499335378,Symrise_DE
40.185001373291016,0.0,3.783574654963018,10.186454697673476,6.438933591566576,Qiagen_DE
98.55000305175781,0.0,-4.134241122405613,-6.232155582738752,4.609453277023956,Knorr-Bremse_DE
40.25,0.0,1.7184743755879417,3.7638542150387755,4.203898524782423,FreseniusMedicalCare_DE
40.20000076293945,0.0,-0.9730273331343686,-15.8467649618662,-30.53048627260092,MercedesBenz_DE
21.850000381469727,0.0,-4.166661786754067,-5.53393353108298,-2.455353778691871,Puma_DE
37.849998474121094,0.0,-0.5256261943486495,-1.611652526406393,4.386019175933131,HugoBoss_DE
20.700000762939453,0.0,1.5701747563801938,12.683722467392599,65.37157803190097,EvonikIndustries_DE
289.70001220703125,0.0,1.2583033997605408,3.427349480302322,34.64994792236256,DeutscheBörse_DE
42.97999954223633,0.0,-5.538462544535538,-4.190818195578494,-7.6988986324186826,Porsche_DE
11764.0,0.0,-4.201954397394136,-0.9430784776018886,-13.434484106623668,AstraZeneca_GB
4500.5,0.0,-2.2374280438796523,-4.1529123629006515,-6.653330594820406,Unilever_GB
563.2000122070312,0.0,2.5118287549561913,2.381391965549584,28.6610608692609,BP_GB
1459.0,0.0,-2.577455676762763,-7.353317579225161,22.46463169760986,HSBC_GB
1759.0,0.0,-3.984716157205237,-2.0873921514055094,-3.9334879182247207,GlaxoSmithKline_GB
1575.5,0.0,-2.9864532019704404,-2.6567809700339784,-1.9773446192521416,Diageo_GB
3978.0,0.0,-3.642759254149386,-2.46162475482794,-4.996903369863581,BritishAmericanTobacco_GB
7183.0,0.0,1.183265248626575,-7.172395967950374,20.053663004395396,RioTinto_GB
446.70001220703125,0.0,-2.3713202656333254,-10.310205169060826,-6.8192964301028836,Barclays_GB
104.0,0.0,-2.7128171042886784,-7.225690084189451,4.835536151776054,LloydsBankingGroup_GB
919.0,0.0,-1.3313317682016712,-9.49465184052556,-20.41564073647939,Prudential_GB
677.2000122070312,0.0,-1.340328071066832,-5.892157423210287,-0.8466676502841386,Aviva_GB
470.20001220703125,0.0,0.2986400278407908,-1.0105237458881589,6.354296747649557,Tesco_GB
569.2999877929688,0.0,2.5396209070470466,-9.49125790254869,39.29125276186465,Glencore_GB
2246.0,0.0,-2.2628372497824234,-2.006980802792324,21.848282490015315,StandardChartered_GB
1478.0,0.0,1.1220597077177707,-0.2025658338960179,23.485505075054427,RollsRoyce_GB
1148.5,0.0,0.26189436927106513,0.1307759372275452,-0.7524177623250972,NationalGrid_GB
2466.0,0.0,-1.0036130068245663,3.007518796992481,10.554068656954607,SSE_GB
29.6299991607666,0.0,0.508818252576182,-2.9479250102755095,29.719853969006827,CompassGroup_GB
1004.5,0.0,-0.43059126741646914,-2.080371341548448,-17.47001757238693,Smith&Nephew_GB
2466.0,0.0,0.040567951318459805,-12.116892373485388,-25.976554598939416,Experian_GB
3631.5,0.0,1.7369379464911017,3.742322525353514,31.635716225691368,Shell_GB
159.35000610351562,0.0,-1.3618055751675517,2.74016752595323,16.20837419517518,InterContinentalHotels_GB
1934.0,0.0,-1.2005108556832678,-0.48880885001286734,10.2741532842336,BAESystems_GB
372.3999938964844,0.0,-0.9837841390549884,-0.02684727611157456,10.372096456078639,WPP_GB
2450.0,0.0,0.2044989775051187,-1.1299435028248594,-21.566040546617916,ImperialBrands_GB
148.25,0.0,0.3723785126079182,-2.6911755426710204,-14.944380853163963,Centrica_GB
1212.5,0.0,-7.794676806083645,7.491134751773054,-10.780906891314446,Persimmon_GB
78.68000030517578,0.0,-8.511627552121181,-3.625672595053897,-26.54575750483309,TaylorWimpey_GB
325.20001220703125,0.0,-2.722098689268604,9.458096777596502,2.8110246635800085,Kingfisher_GB
170.75999450683594,0.0,-0.07023078917797188,-1.3860066438648455,18.135844122584665,AirLiquide_FR
189.0800018310547,0.0,-0.8078865415908076,-5.789733579410139,-7.177219114491329,Airbus_FR
15.444999694824219,0.0,3.2764946413770035,-5.361519708100859,-39.87933291652309,Alstom_FR
57.599998474121094,0.0,-2.9649631370178064,-13.875596830743909,45.60514707335901,ArcelorMittal_FR
42.150001525878906,0.0,-0.916782748601408,-3.4585394567350325,2.930404738906578,AXA_FR
92.76000213623047,0.0,-2.357892488178459,-10.704654804774382,13.232427013645175,BNPParibas_FR
40.650001525878906,0.0,-2.3540704229933818,-9.866955873170703,-10.066369823584598,Bouygues_FR
108.4000015258789,0.0,3.831417568522233,2.700140589028277,-22.98401312548568,Capgemini_FR
15.5,0.0,-2.576994665897492,-6.934858234930141,7.564192672657399,Carrefour_FR
16.93000030517578,0.0,-3.6425691563157447,-9.344037500262992,-4.834179685741013,CréditAgricole_FR
57.7599983215332,0.0,-1.6013670003216185,-11.028958794452215,-24.03998208035446,Danone_FR
21.399999618530273,0.0,4.441190129708095,4.594333216617752,-8.547008686342949,DassaultSystèmes_FR
22.8700008392334,0.0,0.2630485519326875,-5.182421046879737,-0.43534382721097664,Engie_FR
144.5,0.0,-0.7554986657992036,-3.4090948498937124,-45.5743879472693,EssilorLuxottica_FR
75.54000091552734,0.0,0.7200012207031259,6.095511451271629,21.838711154076364,EurofinsScientific_FR
1286.0,0.0,-3.778526000748228,-10.849220103986134,-38.87832699619772,Hermès_FR
209.25,0.0,-6.333927611045942,-14.382158254624244,-31.303350030502553,Kering_FR
143.10000610351562,0.0,1.0593219882373717,-2.086888758359451,11.971833087954975,Legrand_FR
373.45001220703125,0.0,-1.5812359486040428,-3.7995877218400698,2.399232165375653,LOréal_FR
380.8999938964844,0.0,-2.333334898337336,-10.70214399317746,-40.65129305995644,LVMH_FR
33.310001373291016,0.0,-1.3036996346932894,-3.8949754185353513,16.22470882985292,Michelin_FR
14.029999732971191,0.0,2.371395921739272,-8.718283425928263,-2.161788119372887,Orange_FR
58.040000915527344,0.0,-4.31915420124509,-4.4137026536521295,-20.471364420657913,PernodRicard_FR
94.18000030517578,0.0,-0.3597083685630498,-4.810998603976602,7.437823831491164,Publicis_FR
25.260000228881836,0.0,-2.4710401508675983,-14.604461480617104,-30.528053341972704,Renault_FR
329.79998779296875,0.0,-1.375599936446048,-1.1390941969490642,7.356762593715893,Safran_FR
66.12000274658203,0.0,-4.2294295049590485,-11.129030389087834,-24.01746116149689,SaintGobain_FR
69.98999786376953,0.0,-3.648129884561291,-6.305219915519011,-14.978136390627228,Sanofi_FR
272.79998779296875,0.0,-6.575346646243574,-8.945266276559128,15.08119986541625,SchneiderElectric_FR
65.98999786376953,0.0,-5.132259660902139,-11.232174987161192,-5.836192723203871,SociétéGénérale_FR
50.869998931884766,0.0,8.511087399448192,13.03188029013227,117.02217479889639,STMicroelectronics_FR
68.66000366210938,0.0,-2.221585775384194,-0.49274831578351996,8.811418894516422,Teleperformance_FR
226.8000030517578,0.0,1.0245002457718533,-2.5354507837817786,-3.4893604035073134,Thales_FR
75.80000305175781,0.0,0.13210846439530854,-2.5080346601185743,35.11587364253552,TotalEnergies_FR
88.58000183105469,0.0,-0.5836101593396092,-6.580887875820296,-4.258533241426554,UnibailRodamcoWestfield_FR
30.459999084472656,0.0,-1.1359960647082112,-4.663541918268532,1.0617110195898727,Veolia_FR
106.1500015258789,0.0,-0.7480088314078537,-7.292575086568642,-12.38134528359527,Vinci_FR
1.4170000553131104,0.0,-0.21126069452174212,-4.77150391728286,-39.72777487120985,Vivendi_FR
10.420000076293945,0.0,-5.888723808516449,-26.609380829063923,-38.1904495647543,Worldline_FR
24.40999984741211,0.0,1.6236443889091623,5.056694908088821,54.339352002096476,Eni_IT
6.426000118255615,0.0,-3.2957090037547765,-3.903090884651683,11.588113860739702,IntesaSanpaolo_IT
79.80000305175781,0.0,-3.739443205140791,-5.483829487957658,15.088986023123319,UniCredit_IT
41.939998626708984,0.0,-1.8947400544819026,-5.689234370464313,22.379055956572614,Generali_IT
341.20001220703125,0.0,-1.5011494749064713,-2.038465643058751,9.100559025557796,Ferrari_IT
6.260000228881836,0.0,-6.259355287312241,-18.59557630296682,23.71542094214165,TelecomItalia_IT
8.75,0.0,0.03430044001817567,-2.234634788015244,2.2745994698910366,Enel_IT
109.26000213623047,-1.3898924847573935,1.5994059941046412,-3.0179313113429473,-29.2003079389497,Alibaba_CN
54.5,-0.6199856886248467,0.516412344140571,-1.3574660633484115,-31.550585695007783,Tencent_CN
26.5,0.5311054112550284,-0.37594127832941693,-4.26300683586025,-7.061493421018305,JD.com_CN
87.05000305175781,0.06897941080794556,0.20720651488970177,-5.94273346152584,-42.082500808878244,Baidu_CN
78.4000015258789,0.6418485111760797,0.5901963947441136,-1.692788055324257,-32.26781725626012,Pinduoduo_CN
70.80000305175781,0.21231638023950783,0.49681493069866356,-11.555277510756923,-32.31357162086926,Meituan_HK
119.06999969482422,-0.2596729483379745,-1.7249949687305643,-0.3181224471547006,-17.69127692481488,NetEase_CN
75.0,1.2145769830119946,-0.990099009900991,-11.24260355029586,-23.68809807892798,BYD_Company_HK
10.890000343322754,0.36866322992339384,-4.137318024285619,-12.600318539466926,-36.86956322711447,Li_Auto_CN
3.4800000190734863,1.7543842526623443,1.4577245289547625,-8.179418097618507,-32.29571771462149,NIO_CN
9.5600004196167,1.7021362508463866,0.0,-12.534307843617665,-53.20606815069529,XPeng_CN
7.579999923706055,1.6767270459992156,-0.9150349122710066,0.9993312208060434,22.958701380611913,ICBC_HK
9.649999618530273,1.4721281417350518,-0.41279632182857906,1.2060804715101847,27.416591071987128,China_Const_Bank_HK
51.54999923706055,-0.38647490423082687,-2.551989130204335,-8.355556911892359,-18.534840124255336,Ping_An_Insurance_HK
6.014999866485596,1.6047261649888789,0.0,1.1774548831452236,36.473151797110795,Bank_of_China_HK
11.210000038146973,0.8093538985082915,4.66853406367036,0.4254258658584753,17.22297166104063,PetroChina_SS
27.299999237060547,-0.9433970751818621,-5.208333471307047,-10.667540202397408,-2.841967065246165,China_Life_HK
23.440000534057617,0.08539905080493515,-1.0970473439326112,-2.2283169192603314,13.726177356339075,CNOOC_HK
24.260000228881836,1.591294311013014,-3.7301607365029743,-11.781817349520596,-39.77159641486634,Xiaomi_HK
61.54999923706055,0.40783034765334847,0.8190008292358497,-9.882874836157917,-18.042609204219595,SMIC_HK
1258.6199951171875,1.86471453746051,0.5898152984568528,-3.1503017660348576,-9.648769368711285,Kweichow_Moutai_SS
2930.5,1.278728183860367,0.35958904109589795,-5.983317292268209,-13.783465725213295,Toyota_JP
3768.0,1.208702659145855,0.23942537909018569,-3.2605905006418467,-7.624417749448398,Sony_Group_JP
6295.0,-3.109127289518243,-2.0995334370140006,25.87482503499301,36.403033586132175,SoftBank_Group_JP
81490.0,-0.2326150832517193,1.25497017892644,4.5011541420877155,42.514865337530594,Keyence_JP
12805.0,0.3133568350959681,8.379179009733395,20.12195121951219,73.36853506634174,Tokyo_Electron_JP
3671.0,1.5491009681880996,-0.7837837837837869,-2.210974960042622,44.243614931237715,Mitsubishi_UFJ_JP
7815.0,0.942908809093268,-1.6238670694864066,-11.744776962168268,-26.619718309859152,Nintendo_JP
75590.0,1.2049805864238872,6.675134067174704,11.161764705882348,32.196572228051764,Fast_Retailing_JP
6321.0,1.65648118366033,6.324642556770388,7.885304659498216,27.851941747572816,Shin-Etsu_Chem_JP
650.5,1.7996870109546093,-0.838414634146345,-7.6781120437803825,-0.030738005729069595,Nippon_Steel_JP
1687.5,0.6561288398449161,0.32699167657550543,-1.7753201396973228,8.311938382541717,Honda_Motor_JP
4713.0,0.08494372478233814,-1.1742503669532445,-6.839296303617315,29.01724609909664,Mitsubishi_Corp_JP
2183.0,-0.659840728100114,-1.1098527746319364,-1.3110307414104905,9.177294323580899,Itochu_JP
4962.0,0.7512690355329976,0.6490872210953347,-5.539691604797259,4.3972228066484265,Mitsui_&_Co_JP
5719.0,1.41869125731513,-1.0553633217993075,-3.1990521327014187,16.334418226200164,Takeda_Pharm_JP
20885.0,1.7539585870889107,-0.19115890083631903,0.31219980787704493,3.1358024691358066,Daikin_JP
6220.0,0.5496281926931745,4.660945650344939,7.967366776601281,-1.3324873096446699,Fanuc_JP
16975.0,2.043883378418987,1.0717475439118829,3.2856708244599853,88.19290465631929,Recruit_Holdings_JP
5660.0,0.31903580290677525,3.1153215521952937,5.754857997010454,11.681136543014992,Hitachi_JP
8857.0,2.1804337794185447,0.022586109542621635,1.44313366166533,50.78311201906707,Mizuho_Financial_JP
3429.0,1.6301126259632426,-1.2100259291270565,-3.258569614896323,32.317190816129646,Sumitomo_Mitsui_JP
2840.0,0.10574550581601283,-2.355165893072031,-8.416639793614966,-0.6993006993006978,Oriental_Land_JP
1974.5,-0.2777777777777768,-1.4474669328674805,-4.150485436893203,-13.113311331133115,Seven_&_i_JP
1853.0,0.5971769815418027,0.1621621621621605,-4.336602994321115,-15.019490942444392,Denso_JP
3820.0,-0.23504831548707417,-1.3174890209248225,-6.073272682567,8.21529745042493,Bridgestone_JP
233.72999572753906,2.436778543722884,10.814525771199325,26.320054731412167,8.14324269981368,Shopify_CA
14.079999923706055,-0.4946975032603551,4.996272065008589,-9.511571053974965,9.213504024765019,Vale_BR
23.799999237060547,-1.4084513719320402,14.03928260663536,14.25827808080986,108.31712279872292,Petrobras_BR
55.40999984741211,0.3259103868688662,0.9289586654980253,-2.1197681505059407,-4.074410853102761,GrupoBimbo_MX
272000.0,-1.449275362318836,-0.18348623853210455,8.800000000000008,112.34519952007642,SamsungElectronics_KR
348000.0,0.43290043290042934,-0.5714285714285672,-9.256844850065193,18.269040827033646,HyundaiMotor_KR
2100.0,-0.6810396807050645,2.4090461324083545,-6.894258479272885,-32.48280633406976,TataConsultancy_IN
1218.0,2.663517779472735,2.611625947767471,-5.938684297180352,-22.33868992398842,RelianceIndustries_IN
285.79998779296875,-0.9873570634952755,0.8112831721230229,-6.738464216510387,-21.596843209994788,TataMotors_IN
2585.0,0.3883495145631022,4.233870967741926,7.577144896136989,64.54304756687665,TSMC_TW
8.539999961853027,-0.6976792669216803,-0.2336501960658488,-7.775380661256747,-36.97417091040002,Naspers_ZA
25.559999465942383,0.0,1.3481370414148097,-1.5408306341949118,11.171356669903432,SaudiAramco_SA
